trial,tipo de oferta,sujeto,respuesta
1,3,1,2
2,1,1,1
3,2,1,2
4,3,1,2
5,1,1,1
6,1,1,1
7,1,1,2
8,2,1,1
9,2,1,1
10,3,1,2
11,1,1,1
12,2,1,2
13,3,1,2
14,1,1,1
15,2,1,2
16,2,1,2
17,2,1,1
18,3,1,2
19,1,1,1
20,3,1,2
21,1,1,1
22,3,1,2
23,2,1,2
24,1,1,1
25,3,1,2
26,1,1,1
27,3,1,2
28,1,1,1
29,2,1,2
30,1,1,1
31,3,1,2
32,2,1,2
33,2,1,2
34,1,1,1
35,2,1,2
36,1,1,1
37,2,1,2
38,2,1,2
39,1,1,1
40,3,1,2
41,1,1,1
42,2,1,1
43,3,1,2
44,3,1,2
45,3,1,2
46,1,1,2
47,3,1,2
48,3,1,2
49,1,1,1
50,3,1,2
51,1,1,1
52,2,1,2
53,1,1,2
54,3,1,2
55,3,1,2
56,2,1,2
57,2,1,2
58,2,1,2
59,3,1,2
60,2,1,2
1,3,2,[]
2,1,2,1
3,2,2,1
4,3,2,2
5,1,2,1
6,1,2,1
7,1,2,1
8,2,2,1
9,2,2,1
10,3,2,2
11,1,2,1
12,2,2,2
13,3,2,2
14,1,2,1
15,2,2,2
16,2,2,1
17,2,2,2
18,3,2,2
19,1,2,1
20,3,2,2
21,1,2,1
22,3,2,2
23,2,2,1
24,1,2,1
25,3,2,2
26,1,2,1
27,3,2,2
28,1,2,1
29,2,2,2
30,1,2,1
31,3,2,2
32,2,2,1
33,2,2,2
34,1,2,1
35,2,2,2
36,1,2,1
37,2,2,2
38,2,2,2
39,1,2,1
40,3,2,2
41,1,2,1
42,2,2,1
43,3,2,2
44,3,2,2
45,3,2,2
46,1,2,1
47,3,2,2
48,3,2,2
49,1,2,1
50,3,2,2
51,1,2,1
52,2,2,2
53,1,2,1
54,3,2,2
55,3,2,2
56,2,2,2
57,2,2,1
58,2,2,1
59,3,2,2
60,2,2,[]
1,3,6,2
2,1,6,1
3,2,6,2
4,3,6,2
5,1,6,1
6,1,6,1
7,1,6,1
8,2,6,2
9,2,6,2
10,3,6,2
11,1,6,1
12,2,6,2
13,3,6,2
14,1,6,1
15,2,6,2
16,2,6,2
17,2,6,1
18,3,6,2
19,1,6,1
20,3,6,2
21,1,6,1
22,3,6,2
23,2,6,2
24,1,6,1
25,3,6,2
26,1,6,1
27,3,6,2
28,1,6,1
29,2,6,2
30,1,6,[]
31,3,6,2
32,2,6,2
33,2,6,2
34,1,6,1
35,2,6,2
36,1,6,1
37,2,6,2
38,2,6,2
39,1,6,1
40,3,6,2
41,1,6,1
42,2,6,2
43,3,6,2
44,3,6,2
45,3,6,2
46,1,6,1
47,3,6,2
48,3,6,2
49,1,6,[]
50,3,6,2
51,1,6,1
52,2,6,2
53,1,6,2
54,3,6,2
55,3,6,2
56,2,6,2
57,2,6,2
58,2,6,2
59,3,6,2
60,2,6,2
1,3,7,2
2,1,7,1
3,2,7,1
4,3,7,2
5,1,7,1
6,1,7,1
7,1,7,1
8,2,7,1
9,2,7,1
10,3,7,2
11,1,7,1
12,2,7,2
13,3,7,[]
14,1,7,1
15,2,7,2
16,2,7,2
17,2,7,2
18,3,7,2
19,1,7,1
20,3,7,2
21,1,7,1
22,3,7,2
23,2,7,1
24,1,7,1
25,3,7,2
26,1,7,1
27,3,7,2
28,1,7,1
29,2,7,1
30,1,7,1
31,3,7,2
32,2,7,2
33,2,7,1
34,1,7,1
35,2,7,2
36,1,7,1
37,2,7,1
38,2,7,2
39,1,7,1
40,3,7,2
41,1,7,1
42,2,7,1
43,3,7,2
44,3,7,2
45,3,7,2
46,1,7,1
47,3,7,2
48,3,7,2
49,1,7,1
50,3,7,2
51,1,7,1
52,2,7,2
53,1,7,1
54,3,7,2
55,3,7,2
56,2,7,2
57,2,7,1
58,2,7,2
59,3,7,2
60,2,7,2
1,3,8,2
2,1,8,1
3,2,8,2
4,3,8,2
5,1,8,1
6,1,8,1
7,1,8,1
8,2,8,1
9,2,8,1
10,3,8,2
11,1,8,1
12,2,8,2
13,3,8,2
14,1,8,1
15,2,8,2
16,2,8,1
17,2,8,2
18,3,8,2
19,1,8,1
20,3,8,2
21,1,8,1
22,3,8,2
23,2,8,1
24,1,8,1
25,3,8,2
26,1,8,1
27,3,8,2
28,1,8,1
29,2,8,2
30,1,8,1
31,3,8,2
32,2,8,2
33,2,8,2
34,1,8,1
35,2,8,2
36,1,8,1
37,2,8,2
38,2,8,2
39,1,8,1
40,3,8,2
41,1,8,1
42,2,8,1
43,3,8,2
44,3,8,2
45,3,8,2
46,1,8,1
47,3,8,2
48,3,8,2
49,1,8,1
50,3,8,2
51,1,8,1
52,2,8,2
53,1,8,1
54,3,8,2
55,3,8,2
56,2,8,2
57,2,8,2
58,2,8,2
59,3,8,2
60,2,8,2
1,3,10,2
2,1,10,1
3,2,10,2
4,3,10,2
5,1,10,2
6,1,10,1
7,1,10,2
8,2,10,2
9,2,10,1
10,3,10,2
11,1,10,1
12,2,10,2
13,3,10,2
14,1,10,1
15,2,10,2
16,2,10,2
17,2,10,2
18,3,10,2
19,1,10,1
20,3,10,2
21,1,10,1
22,3,10,2
23,2,10,2
24,1,10,1
25,3,10,2
26,1,10,1
27,3,10,2
28,1,10,1
29,2,10,2
30,1,10,1
31,3,10,2
32,2,10,2
33,2,10,1
34,1,10,1
35,2,10,2
36,1,10,1
37,2,10,2
38,2,10,2
39,1,10,1
40,3,10,2
41,1,10,1
42,2,10,1
43,3,10,2
44,3,10,2
45,3,10,2
46,1,10,1
47,3,10,2
48,3,10,2
49,1,10,1
50,3,10,2
51,1,10,1
52,2,10,2
53,1,10,1
54,3,10,2
55,3,10,2
56,2,10,2
57,2,10,2
58,2,10,2
59,3,10,2
60,2,10,2
1,3,11,1
2,1,11,1
3,2,11,2
4,3,11,2
5,1,11,1
6,1,11,1
7,1,11,1
8,2,11,1
9,2,11,1
10,3,11,2
11,1,11,1
12,2,11,2
13,3,11,2
14,1,11,1
15,2,11,2
16,2,11,1
17,2,11,2
18,3,11,2
19,1,11,1
20,3,11,2
21,1,11,1
22,3,11,2
23,2,11,2
24,1,11,1
25,3,11,2
26,1,11,1
27,3,11,2
28,1,11,1
29,2,11,2
30,1,11,1
31,3,11,2
32,2,11,2
33,2,11,1
34,1,11,1
35,2,11,2
36,1,11,1
37,2,11,2
38,2,11,2
39,1,11,1
40,3,11,2
41,1,11,1
42,2,11,1
43,3,11,2
44,3,11,2
45,3,11,2
46,1,11,1
47,3,11,2
48,3,11,2
49,1,11,1
50,3,11,2
51,1,11,1
52,2,11,2
53,1,11,1
54,3,11,2
55,3,11,2
56,2,11,2
57,2,11,2
58,2,11,1
59,3,11,2
60,2,11,2
1,3,12,2
2,1,12,1
3,2,12,2
4,3,12,2
5,1,12,1
6,1,12,1
7,1,12,1
8,2,12,1
9,2,12,2
10,3,12,2
11,1,12,2
12,2,12,2
13,3,12,2
14,1,12,1
15,2,12,2
16,2,12,2
17,2,12,2
18,3,12,2
19,1,12,1
20,3,12,2
21,1,12,1
22,3,12,2
23,2,12,2
24,1,12,1
25,3,12,2
26,1,12,1
27,3,12,2
28,1,12,1
29,2,12,2
30,1,12,2
31,3,12,2
32,2,12,2
33,2,12,1
34,1,12,1
35,2,12,1
36,1,12,2
37,2,12,1
38,2,12,1
39,1,12,1
40,3,12,2
41,1,12,1
42,2,12,2
43,3,12,1
44,3,12,2
45,3,12,2
46,1,12,1
47,3,12,2
48,3,12,1
49,1,12,2
50,3,12,1
51,1,12,1
52,2,12,2
53,1,12,2
54,3,12,2
55,3,12,2
56,2,12,2
57,2,12,2
58,2,12,1
59,3,12,2
60,2,12,2
1,3,13,2
2,1,13,1
3,2,13,2
4,3,13,2
5,1,13,1
6,1,13,1
7,1,13,1
8,2,13,1
9,2,13,1
10,3,13,2
11,1,13,1
12,2,13,2
13,3,13,2
14,1,13,1
15,2,13,2
16,2,13,2
17,2,13,2
18,3,13,2
19,1,13,1
20,3,13,2
21,1,13,1
22,3,13,2
23,2,13,2
24,1,13,1
25,3,13,2
26,1,13,1
27,3,13,2
28,1,13,1
29,2,13,2
30,1,13,1
31,3,13,2
32,2,13,2
33,2,13,2
34,1,13,1
35,2,13,2
36,1,13,1
37,2,13,2
38,2,13,2
39,1,13,1
40,3,13,2
41,1,13,1
42,2,13,2
43,3,13,2
44,3,13,2
45,3,13,2
46,1,13,1
47,3,13,2
48,3,13,2
49,1,13,1
50,3,13,2
51,1,13,1
52,2,13,2
53,1,13,1
54,3,13,2
55,3,13,2
56,2,13,2
57,2,13,2
58,2,13,2
59,3,13,2
60,2,13,2
1,3,14,2
2,1,14,1
3,2,14,2
4,3,14,2
5,1,14,1
6,1,14,1
7,1,14,1
8,2,14,1
9,2,14,1
10,3,14,2
11,1,14,1
12,2,14,2
13,3,14,1
14,1,14,1
15,2,14,2
16,2,14,1
17,2,14,2
18,3,14,2
19,1,14,1
20,3,14,2
21,1,14,1
22,3,14,2
23,2,14,1
24,1,14,1
25,3,14,2
26,1,14,2
27,3,14,2
28,1,14,1
29,2,14,2
30,1,14,1
31,3,14,2
32,2,14,2
33,2,14,2
34,1,14,1
35,2,14,2
36,1,14,1
37,2,14,2
38,2,14,2
39,1,14,1
40,3,14,2
41,1,14,1
42,2,14,1
43,3,14,2
44,3,14,2
45,3,14,2
46,1,14,1
47,3,14,2
48,3,14,2
49,1,14,1
50,3,14,2
51,1,14,1
52,2,14,2
53,1,14,1
54,3,14,2
55,3,14,2
56,2,14,2
57,2,14,2
58,2,14,2
59,3,14,2
60,2,14,2
1,3,15,2
2,1,15,1
3,2,15,2
4,3,15,2
5,1,15,1
6,1,15,1
7,1,15,1
8,2,15,1
9,2,15,1
10,3,15,2
11,1,15,1
12,2,15,2
13,3,15,2
14,1,15,1
15,2,15,2
16,2,15,2
17,2,15,2
18,3,15,2
19,1,15,1
20,3,15,2
21,1,15,1
22,3,15,2
23,2,15,2
24,1,15,1
25,3,15,2
26,1,15,1
27,3,15,2
28,1,15,1
29,2,15,1
30,1,15,1
31,3,15,2
32,2,15,2
33,2,15,2
34,1,15,1
35,2,15,2
36,1,15,1
37,2,15,2
38,2,15,2
39,1,15,1
40,3,15,2
41,1,15,1
42,2,15,1
43,3,15,2
44,3,15,2
45,3,15,2
46,1,15,1
47,3,15,2
48,3,15,2
49,1,15,1
50,3,15,2
51,1,15,1
52,2,15,2
53,1,15,1
54,3,15,2
55,3,15,2
56,2,15,2
57,2,15,2
58,2,15,2
59,3,15,2
60,2,15,2
1,3,16,2
2,1,16,1
3,2,16,2
4,3,16,2
5,1,16,1
6,1,16,1
7,1,16,1
8,2,16,2
9,2,16,1
10,3,16,2
11,1,16,1
12,2,16,2
13,3,16,2
14,1,16,1
15,2,16,2
16,2,16,2
17,2,16,2
18,3,16,2
19,1,16,1
20,3,16,2
21,1,16,1
22,3,16,2
23,2,16,2
24,1,16,1
25,3,16,2
26,1,16,1
27,3,16,2
28,1,16,1
29,2,16,2
30,1,16,2
31,3,16,2
32,2,16,2
33,2,16,2
34,1,16,1
35,2,16,2
36,1,16,1
37,2,16,2
38,2,16,2
39,1,16,1
40,3,16,2
41,1,16,1
42,2,16,1
43,3,16,2
44,3,16,2
45,3,16,2
46,1,16,2
47,3,16,2
48,3,16,2
49,1,16,1
50,3,16,2
51,1,16,1
52,2,16,2
53,1,16,2
54,3,16,2
55,3,16,2
56,2,16,2
57,2,16,2
58,2,16,2
59,3,16,2
60,2,16,2
1,3,17,2
2,1,17,1
3,2,17,2
4,3,17,2
5,1,17,1
6,1,17,1
7,1,17,1
8,2,17,1
9,2,17,1
10,3,17,2
11,1,17,1
12,2,17,2
13,3,17,2
14,1,17,1
15,2,17,2
16,2,17,1
17,2,17,2
18,3,17,1
19,1,17,1
20,3,17,2
21,1,17,1
22,3,17,2
23,2,17,2
24,1,17,1
25,3,17,2
26,1,17,1
27,3,17,2
28,1,17,1
29,2,17,2
30,1,17,1
31,3,17,2
32,2,17,2
33,2,17,2
34,1,17,1
35,2,17,2
36,1,17,1
37,2,17,2
38,2,17,2
39,1,17,1
40,3,17,2
41,1,17,1
42,2,17,1
43,3,17,2
44,3,17,2
45,3,17,2
46,1,17,1
47,3,17,2
48,3,17,[]
49,1,17,1
50,3,17,2
51,1,17,1
52,2,17,2
53,1,17,1
54,3,17,2
55,3,17,2
56,2,17,2
57,2,17,2
58,2,17,2
59,3,17,2
60,2,17,2
1,3,18,2
2,1,18,2
3,2,18,2
4,3,18,2
5,1,18,2
6,1,18,2
7,1,18,2
8,2,18,2
9,2,18,2
10,3,18,2
11,1,18,2
12,2,18,2
13,3,18,2
14,1,18,1
15,2,18,2
16,2,18,2
17,2,18,2
18,3,18,2
19,1,18,1
20,3,18,2
21,1,18,2
22,3,18,2
23,2,18,2
24,1,18,1
25,3,18,2
26,1,18,1
27,3,18,2
28,1,18,1
29,2,18,2
30,1,18,2
31,3,18,2
32,2,18,2
33,2,18,2
34,1,18,1
35,2,18,2
36,1,18,2
37,2,18,2
38,2,18,2
39,1,18,1
40,3,18,2
41,1,18,2
42,2,18,2
43,3,18,2
44,3,18,2
45,3,18,2
46,1,18,2
47,3,18,2
48,3,18,2
49,1,18,2
50,3,18,2
51,1,18,1
52,2,18,2
53,1,18,2
54,3,18,2
55,3,18,2
56,2,18,2
57,2,18,2
58,2,18,2
59,3,18,2
60,2,18,2
1,3,21,2
2,1,21,1
3,2,21,1
4,3,21,2
5,1,21,1
6,1,21,1
7,1,21,1
8,2,21,1
9,2,21,1
10,3,21,2
11,1,21,1
12,2,21,2
13,3,21,2
14,1,21,1
15,2,21,2
16,2,21,1
17,2,21,2
18,3,21,2
19,1,21,1
20,3,21,2
21,1,21,1
22,3,21,2
23,2,21,1
24,1,21,1
25,3,21,2
26,1,21,1
27,3,21,2
28,1,21,1
29,2,21,1
30,1,21,1
31,3,21,2
32,2,21,[]
33,2,21,2
34,1,21,1
35,2,21,2
36,1,21,1
37,2,21,2
38,2,21,2
39,1,21,1
40,3,21,2
41,1,21,1
42,2,21,1
43,3,21,2
44,3,21,2
45,3,21,2
46,1,21,1
47,3,21,2
48,3,21,2
49,1,21,1
50,3,21,2
51,1,21,1
52,2,21,[]
53,1,21,1
54,3,21,2
55,3,21,2
56,2,21,2
57,2,21,2
58,2,21,1
59,3,21,2
60,2,21,2
1,3,22,2
2,1,22,1
3,2,22,2
4,3,22,2
5,1,22,1
6,1,22,1
7,1,22,2
8,2,22,1
9,2,22,1
10,3,22,2
11,1,22,1
12,2,22,2
13,3,22,2
14,1,22,1
15,2,22,2
16,2,22,2
17,2,22,2
18,3,22,2
19,1,22,1
20,3,22,2
21,1,22,1
22,3,22,2
23,2,22,2
24,1,22,1
25,3,22,2
26,1,22,1
27,3,22,2
28,1,22,1
29,2,22,2
30,1,22,2
31,3,22,2
32,2,22,2
33,2,22,2
34,1,22,1
35,2,22,2
36,1,22,1
37,2,22,2
38,2,22,2
39,1,22,1
40,3,22,2
41,1,22,1
42,2,22,1
43,3,22,2
44,3,22,2
45,3,22,2
46,1,22,2
47,3,22,2
48,3,22,2
49,1,22,1
50,3,22,2
51,1,22,1
52,2,22,2
53,1,22,2
54,3,22,2
55,3,22,2
56,2,22,2
57,2,22,2
58,2,22,2
59,3,22,2
60,2,22,2
1,3,24,2
2,1,24,2
3,2,24,2
4,3,24,2
5,1,24,2
6,1,24,2
7,1,24,1
8,2,24,2
9,2,24,2
10,3,24,2
11,1,24,1
12,2,24,2
13,3,24,2
14,1,24,1
15,2,24,2
16,2,24,2
17,2,24,[]
18,3,24,2
19,1,24,1
20,3,24,2
21,1,24,1
22,3,24,2
23,2,24,2
24,1,24,1
25,3,24,2
26,1,24,1
27,3,24,2
28,1,24,1
29,2,24,2
30,1,24,2
31,3,24,2
32,2,24,2
33,2,24,2
34,1,24,1
35,2,24,2
36,1,24,1
37,2,24,2
38,2,24,2
39,1,24,1
40,3,24,2
41,1,24,2
42,2,24,2
43,3,24,2
44,3,24,2
45,3,24,2
46,1,24,2
47,3,24,2
48,3,24,2
49,1,24,2
50,3,24,2
51,1,24,1
52,2,24,2
53,1,24,2
54,3,24,2
55,3,24,2
56,2,24,2
57,2,24,2
58,2,24,2
59,3,24,2
60,2,24,2
1,3,26,2
2,1,26,2
3,2,26,2
4,3,26,2
5,1,26,2
6,1,26,2
7,1,26,1
8,2,26,2
9,2,26,2
10,3,26,2
11,1,26,1
12,2,26,2
13,3,26,2
14,1,26,1
15,2,26,2
16,2,26,2
17,2,26,[]
18,3,26,2
19,1,26,1
20,3,26,2
21,1,26,1
22,3,26,2
23,2,26,2
24,1,26,1
25,3,26,2
26,1,26,1
27,3,26,2
28,1,26,1
29,2,26,2
30,1,26,2
31,3,26,2
32,2,26,2
33,2,26,2
34,1,26,1
35,2,26,2
36,1,26,1
37,2,26,2
38,2,26,2
39,1,26,1
40,3,26,2
41,1,26,2
42,2,26,2
43,3,26,2
44,3,26,2
45,3,26,2
46,1,26,2
47,3,26,2
48,3,26,2
49,1,26,2
50,3,26,2
51,1,26,1
52,2,26,2
53,1,26,2
54,3,26,2
55,3,26,2
56,2,26,2
57,2,26,2
58,2,26,2
59,3,26,2
60,2,26,2
1,3,27,2
2,1,27,2
3,2,27,2
4,3,27,2
5,1,27,2
6,1,27,1
7,1,27,[]
8,2,27,2
9,2,27,2
10,3,27,2
11,1,27,2
12,2,27,2
13,3,27,2
14,1,27,1
15,2,27,2
16,2,27,2
17,2,27,2
18,3,27,2
19,1,27,1
20,3,27,2
21,1,27,1
22,3,27,2
23,2,27,2
24,1,27,1
25,3,27,2
26,1,27,1
27,3,27,2
28,1,27,1
29,2,27,2
30,1,27,2
31,3,27,2
32,2,27,2
33,2,27,2
34,1,27,1
35,2,27,2
36,1,27,2
37,2,27,2
38,2,27,2
39,1,27,1
40,3,27,2
41,1,27,2
42,2,27,2
43,3,27,2
44,3,27,2
45,3,27,2
46,1,27,2
47,3,27,2
48,3,27,2
49,1,27,2
50,3,27,2
51,1,27,1
52,2,27,2
53,1,27,2
54,3,27,2
55,3,27,2
56,2,27,2
57,2,27,2
58,2,27,2
59,3,27,2
60,2,27,2
1,3,28,1
2,1,28,1
3,2,28,1
4,3,28,2
5,1,28,1
6,1,28,1
7,1,28,1
8,2,28,1
9,2,28,1
10,3,28,2
11,1,28,1
12,2,28,[]
13,3,28,2
14,1,28,1
15,2,28,2
16,2,28,1
17,2,28,1
18,3,28,[]
19,1,28,1
20,3,28,1
21,1,28,1
22,3,28,2
23,2,28,1
24,1,28,1
25,3,28,2
26,1,28,1
27,3,28,1
28,1,28,1
29,2,28,1
30,1,28,1
31,3,28,2
32,2,28,1
33,2,28,2
34,1,28,1
35,2,28,2
36,1,28,1
37,2,28,1
38,2,28,2
39,1,28,1
40,3,28,2
41,1,28,1
42,2,28,1
43,3,28,2
44,3,28,2
45,3,28,2
46,1,28,1
47,3,28,2
48,3,28,2
49,1,28,1
50,3,28,1
51,1,28,1
52,2,28,1
53,1,28,1
54,3,28,1
55,3,28,2
56,2,28,1
57,2,28,2
58,2,28,1
59,3,28,2
60,2,28,1
1,3,29,1
2,1,29,1
3,2,29,1
4,3,29,2
5,1,29,1
6,1,29,1
7,1,29,1
8,2,29,2
9,2,29,1
10,3,29,2
11,1,29,1
12,2,29,2
13,3,29,2
14,1,29,1
15,2,29,2
16,2,29,2
17,2,29,2
18,3,29,2
19,1,29,1
20,3,29,2
21,1,29,1
22,3,29,2
23,2,29,2
24,1,29,1
25,3,29,2
26,1,29,1
27,3,29,2
28,1,29,1
29,2,29,2
30,1,29,1
31,3,29,2
32,2,29,2
33,2,29,2
34,1,29,1
35,2,29,2
36,1,29,1
37,2,29,2
38,2,29,2
39,1,29,1
40,3,29,2
41,1,29,1
42,2,29,2
43,3,29,2
44,3,29,2
45,3,29,2
46,1,29,1
47,3,29,2
48,3,29,2
49,1,29,1
50,3,29,2
51,1,29,1
52,2,29,2
53,1,29,1
54,3,29,2
55,3,29,2
56,2,29,2
57,2,29,2
58,2,29,1
59,3,29,2
60,2,29,1
1,3,32,2
2,1,32,1
3,2,32,2
4,3,32,2
5,1,32,1
6,1,32,1
7,1,32,2
8,2,32,1
9,2,32,1
10,3,32,2
11,1,32,1
12,2,32,2
13,3,32,2
14,1,32,1
15,2,32,2
16,2,32,2
17,2,32,2
18,3,32,2
19,1,32,1
20,3,32,2
21,1,32,1
22,3,32,2
23,2,32,1
24,1,32,1
25,3,32,2
26,1,32,1
27,3,32,2
28,1,32,1
29,2,32,2
30,1,32,1
31,3,32,2
32,2,32,2
33,2,32,2
34,1,32,1
35,2,32,2
36,1,32,1
37,2,32,2
38,2,32,2
39,1,32,1
40,3,32,2
41,1,32,1
42,2,32,1
43,3,32,2
44,3,32,2
45,3,32,2
46,1,32,1
47,3,32,2
48,3,32,2
49,1,32,1
50,3,32,2
51,1,32,1
52,2,32,2
53,1,32,2
54,3,32,2
55,3,32,2
56,2,32,2
57,2,32,2
58,2,32,2
59,3,32,2
60,2,32,2
1,3,33,2
2,1,33,1
3,2,33,2
4,3,33,2
5,1,33,1
6,1,33,1
7,1,33,1
8,2,33,2
9,2,33,2
10,3,33,2
11,1,33,1
12,2,33,2
13,3,33,2
14,1,33,1
15,2,33,2
16,2,33,2
17,2,33,2
18,3,33,2
19,1,33,1
20,3,33,2
21,1,33,1
22,3,33,2
23,2,33,2
24,1,33,1
25,3,33,2
26,1,33,1
27,3,33,2
28,1,33,1
29,2,33,2
30,1,33,1
31,3,33,2
32,2,33,2
33,2,33,2
34,1,33,1
35,2,33,2
36,1,33,1
37,2,33,2
38,2,33,2
39,1,33,1
40,3,33,2
41,1,33,1
42,2,33,2
43,3,33,2
44,3,33,2
45,3,33,2
46,1,33,1
47,3,33,2
48,3,33,2
49,1,33,1
50,3,33,2
51,1,33,1
52,2,33,2
53,1,33,1
54,3,33,2
55,3,33,2
56,2,33,2
57,2,33,2
58,2,33,2
59,3,33,2
60,2,33,2
1,3,34,1
2,1,34,1
3,2,34,1
4,3,34,1
5,1,34,1
6,1,34,1
7,1,34,1
8,2,34,1
9,2,34,1
10,3,34,1
11,1,34,1
12,2,34,1
13,3,34,2
14,1,34,1
15,2,34,1
16,2,34,1
17,2,34,1
18,3,34,2
19,1,34,1
20,3,34,1
21,1,34,1
22,3,34,2
23,2,34,1
24,1,34,1
25,3,34,2
26,1,34,1
27,3,34,[]
28,1,34,1
29,2,34,1
30,1,34,1
31,3,34,2
32,2,34,1
33,2,34,1
34,1,34,1
35,2,34,1
36,1,34,1
37,2,34,1
38,2,34,1
39,1,34,1
40,3,34,1
41,1,34,1
42,2,34,1
43,3,34,2
44,3,34,2
45,3,34,2
46,1,34,1
47,3,34,1
48,3,34,1
49,1,34,1
50,3,34,2
51,1,34,1
52,2,34,1
53,1,34,1
54,3,34,2
55,3,34,2
56,2,34,1
57,2,34,1
58,2,34,1
59,3,34,2
60,2,34,1
1,3,36,2
2,1,36,1
3,2,36,2
4,3,36,2
5,1,36,1
6,1,36,2
7,1,36,1
8,2,36,1
9,2,36,1
10,3,36,2
11,1,36,1
12,2,36,2
13,3,36,2
14,1,36,1
15,2,36,2
16,2,36,2
17,2,36,1
18,3,36,2
19,1,36,1
20,3,36,2
21,1,36,1
22,3,36,2
23,2,36,2
24,1,36,1
25,3,36,2
26,1,36,1
27,3,36,2
28,1,36,1
29,2,36,2
30,1,36,2
31,3,36,2
32,2,36,2
33,2,36,2
34,1,36,1
35,2,36,2
36,1,36,1
37,2,36,2
38,2,36,2
39,1,36,1
40,3,36,2
41,1,36,1
42,2,36,1
43,3,36,2
44,3,36,2
45,3,36,2
46,1,36,1
47,3,36,2
48,3,36,2
49,1,36,1
50,3,36,2
51,1,36,1
52,2,36,2
53,1,36,1
54,3,36,2
55,3,36,2
56,2,36,2
57,2,36,2
58,2,36,2
59,3,36,2
60,2,36,2
1,3,37,2
2,1,37,2
3,2,37,2
4,3,37,2
5,1,37,1
6,1,37,1
7,1,37,1
8,2,37,1
9,2,37,2
10,3,37,2
11,1,37,1
12,2,37,2
13,3,37,1
14,1,37,1
15,2,37,2
16,2,37,2
17,2,37,1
18,3,37,1
19,1,37,1
20,3,37,2
21,1,37,1
22,3,37,2
23,2,37,1
24,1,37,1
25,3,37,2
26,1,37,1
27,3,37,2
28,1,37,1
29,2,37,1
30,1,37,1
31,3,37,2
32,2,37,2
33,2,37,2
34,1,37,1
35,2,37,1
36,1,37,1
37,2,37,2
38,2,37,2
39,1,37,1
40,3,37,2
41,1,37,1
42,2,37,1
43,3,37,2
44,3,37,2
45,3,37,2
46,1,37,1
47,3,37,2
48,3,37,2
49,1,37,1
50,3,37,2
51,1,37,1
52,2,37,1
53,1,37,1
54,3,37,2
55,3,37,2
56,2,37,2
57,2,37,2
58,2,37,1
59,3,37,2
60,2,37,2
1,3,38,2
2,1,38,1
3,2,38,2
4,3,38,2
5,1,38,1
6,1,38,1
7,1,38,2
8,2,38,1
9,2,38,2
10,3,38,2
11,1,38,1
12,2,38,2
13,3,38,2
14,1,38,1
15,2,38,2
16,2,38,2
17,2,38,2
18,3,38,1
19,1,38,1
20,3,38,2
21,1,38,1
22,3,38,2
23,2,38,2
24,1,38,1
25,3,38,2
26,1,38,1
27,3,38,2
28,1,38,1
29,2,38,2
30,1,38,2
31,3,38,2
32,2,38,2
33,2,38,2
34,1,38,1
35,2,38,2
36,1,38,2
37,2,38,2
38,2,38,2
39,1,38,1
40,3,38,2
41,1,38,1
42,2,38,1
43,3,38,2
44,3,38,2
45,3,38,2
46,1,38,2
47,3,38,2
48,3,38,2
49,1,38,1
50,3,38,2
51,1,38,1
52,2,38,2
53,1,38,2
54,3,38,2
55,3,38,2
56,2,38,2
57,2,38,2
58,2,38,2
59,3,38,2
60,2,38,2
1,3,40,2
2,1,40,1
3,2,40,2
4,3,40,2
5,1,40,1
6,1,40,1
7,1,40,1
8,2,40,1
9,2,40,1
10,3,40,2
11,1,40,1
12,2,40,2
13,3,40,2
14,1,40,1
15,2,40,2
16,2,40,2
17,2,40,2
18,3,40,2
19,1,40,1
20,3,40,2
21,1,40,1
22,3,40,2
23,2,40,2
24,1,40,1
25,3,40,2
26,1,40,1
27,3,40,2
28,1,40,1
29,2,40,2
30,1,40,1
31,3,40,2
32,2,40,2
33,2,40,2
34,1,40,1
35,2,40,2
36,1,40,1
37,2,40,2
38,2,40,2
39,1,40,1
40,3,40,2
41,1,40,1
42,2,40,1
43,3,40,2
44,3,40,2
45,3,40,2
46,1,40,1
47,3,40,2
48,3,40,2
49,1,40,1
50,3,40,2
51,1,40,1
52,2,40,2
53,1,40,1
54,3,40,2
55,3,40,2
56,2,40,2
57,2,40,2
58,2,40,2
59,3,40,2
60,2,40,2
1,3,41,2
2,1,41,1
3,2,41,2
4,3,41,2
5,1,41,1
6,1,41,1
7,1,41,1
8,2,41,1
9,2,41,1
10,3,41,2
11,1,41,1
12,2,41,2
13,3,41,2
14,1,41,1
15,2,41,2
16,2,41,1
17,2,41,2
18,3,41,2
19,1,41,1
20,3,41,2
21,1,41,1
22,3,41,2
23,2,41,1
24,1,41,1
25,3,41,2
26,1,41,1
27,3,41,2
28,1,41,1
29,2,41,2
30,1,41,1
31,3,41,2
32,2,41,2
33,2,41,1
34,1,41,2
35,2,41,2
36,1,41,1
37,2,41,2
38,2,41,2
39,1,41,1
40,3,41,2
41,1,41,1
42,2,41,1
43,3,41,2
44,3,41,2
45,3,41,2
46,1,41,1
47,3,41,2
48,3,41,2
49,1,41,1
50,3,41,2
51,1,41,1
52,2,41,2
53,1,41,1
54,3,41,2
55,3,41,2
56,2,41,1
57,2,41,1
58,2,41,1
59,3,41,2
60,2,41,1
1,3,42,2
2,1,42,1
3,2,42,1
4,3,42,2
5,1,42,1
6,1,42,1
7,1,42,1
8,2,42,1
9,2,42,1
10,3,42,2
11,1,42,1
12,2,42,2
13,3,42,2
14,1,42,1
15,2,42,2
16,2,42,1
17,2,42,1
18,3,42,2
19,1,42,1
20,3,42,2
21,1,42,1
22,3,42,2
23,2,42,1
24,1,42,1
25,3,42,2
26,1,42,1
27,3,42,2
28,1,42,1
29,2,42,2
30,1,42,1
31,3,42,2
32,2,42,2
33,2,42,1
34,1,42,1
35,2,42,2
36,1,42,1
37,2,42,2
38,2,42,2
39,1,42,1
40,3,42,2
41,1,42,1
42,2,42,1
43,3,42,2
44,3,42,2
45,3,42,2
46,1,42,1
47,3,42,2
48,3,42,2
49,1,42,1
50,3,42,2
51,1,42,1
52,2,42,1
53,1,42,1
54,3,42,2
55,3,42,2
56,2,42,2
57,2,42,1
58,2,42,1
59,3,42,2
60,2,42,1
1,3,47,2
2,1,47,1
3,2,47,2
4,3,47,2
5,1,47,1
6,1,47,1
7,1,47,1
8,2,47,1
9,2,47,1
10,3,47,2
11,1,47,1
12,2,47,2
13,3,47,2
14,1,47,1
15,2,47,2
16,2,47,2
17,2,47,2
18,3,47,2
19,1,47,1
20,3,47,2
21,1,47,1
22,3,47,2
23,2,47,2
24,1,47,1
25,3,47,2
26,1,47,1
27,3,47,2
28,1,47,1
29,2,47,2
30,1,47,1
31,3,47,2
32,2,47,2
33,2,47,2
34,1,47,1
35,2,47,2
36,1,47,1
37,2,47,2
38,2,47,2
39,1,47,2
40,3,47,2
41,1,47,1
42,2,47,1
43,3,47,2
44,3,47,2
45,3,47,2
46,1,47,1
47,3,47,2
48,3,47,2
49,1,47,1
50,3,47,2
51,1,47,1
52,2,47,2
53,1,47,1
54,3,47,2
55,3,47,2
56,2,47,2
57,2,47,2
58,2,47,2
59,3,47,2
60,2,47,2
1,3,48,1
2,1,48,1
3,2,48,1
4,3,48,2
5,1,48,1
6,1,48,1
7,1,48,2
8,2,48,2
9,2,48,2
10,3,48,2
11,1,48,1
12,2,48,2
13,3,48,2
14,1,48,1
15,2,48,2
16,2,48,1
17,2,48,1
18,3,48,2
19,1,48,1
20,3,48,2
21,1,48,1
22,3,48,2
23,2,48,2
24,1,48,1
25,3,48,2
26,1,48,1
27,3,48,2
28,1,48,1
29,2,48,1
30,1,48,2
31,3,48,2
32,2,48,1
33,2,48,2
34,1,48,1
35,2,48,2
36,1,48,1
37,2,48,2
38,2,48,2
39,1,48,1
40,3,48,2
41,1,48,1
42,2,48,2
43,3,48,2
44,3,48,1
45,3,48,2
46,1,48,1
47,3,48,2
48,3,48,2
49,1,48,1
50,3,48,2
51,1,48,1
52,2,48,2
53,1,48,[]
54,3,48,2
55,3,48,2
56,2,48,2
57,2,48,1
58,2,48,1
59,3,48,2
60,2,48,1
1,3,49,2
2,1,49,1
3,2,49,2
4,3,49,2
5,1,49,1
6,1,49,1
7,1,49,1
8,2,49,1
9,2,49,1
10,3,49,2
11,1,49,1
12,2,49,2
13,3,49,2
14,1,49,1
15,2,49,2
16,2,49,2
17,2,49,1
18,3,49,2
19,1,49,1
20,3,49,2
21,1,49,1
22,3,49,2
23,2,49,1
24,1,49,1
25,3,49,2
26,1,49,1
27,3,49,2
28,1,49,1
29,2,49,2
30,1,49,1
31,3,49,2
32,2,49,2
33,2,49,2
34,1,49,1
35,2,49,2
36,1,49,1
37,2,49,2
38,2,49,2
39,1,49,1
40,3,49,2
41,1,49,1
42,2,49,1
43,3,49,2
44,3,49,2
45,3,49,2
46,1,49,1
47,3,49,2
48,3,49,2
49,1,49,1
50,3,49,2
51,1,49,1
52,2,49,2
53,1,49,1
54,3,49,2
55,3,49,2
56,2,49,2
57,2,49,2
58,2,49,2
59,3,49,2
60,2,49,2
1,3,59,2
2,1,59,1
3,2,59,2
4,3,59,2
5,1,59,1
6,1,59,1
7,1,59,1
8,2,59,1
9,2,59,1
10,3,59,2
11,1,59,1
12,2,59,2
13,3,59,2
14,1,59,1
15,2,59,2
16,2,59,2
17,2,59,2
18,3,59,2
19,1,59,1
20,3,59,2
21,1,59,1
22,3,59,2
23,2,59,2
24,1,59,1
25,3,59,2
26,1,59,1
27,3,59,2
28,1,59,1
29,2,59,2
30,1,59,2
31,3,59,2
32,2,59,2
33,2,59,2
34,1,59,1
35,2,59,2
36,1,59,1
37,2,59,2
38,2,59,2
39,1,59,1
40,3,59,2
41,1,59,1
42,2,59,1
43,3,59,2
44,3,59,2
45,3,59,2
46,1,59,1
47,3,59,2
48,3,59,2
49,1,59,1
50,3,59,2
51,1,59,1
52,2,59,2
53,1,59,1
54,3,59,2
55,3,59,2
56,2,59,2
57,2,59,2
58,2,59,2
59,3,59,2
60,2,59,2
1,3,60,1
2,1,60,1
3,2,60,2
4,3,60,2
5,1,60,1
6,1,60,2
7,1,60,1
8,2,60,1
9,2,60,1
10,3,60,2
11,1,60,1
12,2,60,2
13,3,60,2
14,1,60,1
15,2,60,2
16,2,60,2
17,2,60,2
18,3,60,2
19,1,60,1
20,3,60,2
21,1,60,1
22,3,60,2
23,2,60,2
24,1,60,1
25,3,60,2
26,1,60,1
27,3,60,2
28,1,60,1
29,2,60,2
30,1,60,1
31,3,60,2
32,2,60,2
33,2,60,2
34,1,60,1
35,2,60,2
36,1,60,1
37,2,60,2
38,2,60,2
39,1,60,1
40,3,60,2
41,1,60,1
42,2,60,1
43,3,60,2
44,3,60,2
45,3,60,2
46,1,60,1
47,3,60,2
48,3,60,2
49,1,60,1
50,3,60,2
51,1,60,1
52,2,60,2
53,1,60,1
54,3,60,2
55,3,60,2
56,2,60,1
57,2,60,2
58,2,60,2
59,3,60,2
60,2,60,2
1,3,61,2
2,1,61,2
3,2,61,2
4,3,61,2
5,1,61,1
6,1,61,1
7,1,61,2
8,2,61,1
9,2,61,1
10,3,61,2
11,1,61,1
12,2,61,2
13,3,61,2
14,1,61,1
15,2,61,2
16,2,61,2
17,2,61,2
18,3,61,2
19,1,61,1
20,3,61,2
21,1,61,1
22,3,61,2
23,2,61,2
24,1,61,1
25,3,61,2
26,1,61,1
27,3,61,2
28,1,61,1
29,2,61,2
30,1,61,2
31,3,61,2
32,2,61,2
33,2,61,2
34,1,61,1
35,2,61,2
36,1,61,1
37,2,61,2
38,2,61,2
39,1,61,1
40,3,61,2
41,1,61,1
42,2,61,1
43,3,61,2
44,3,61,2
45,3,61,2
46,1,61,1
47,3,61,2
48,3,61,2
49,1,61,1
50,3,61,2
51,1,61,1
52,2,61,2
53,1,61,1
54,3,61,2
55,3,61,2
56,2,61,2
57,2,61,2
58,2,61,2
59,3,61,2
60,2,61,2
1,3,63,2
2,1,63,1
3,2,63,2
4,3,63,2
5,1,63,1
6,1,63,1
7,1,63,1
8,2,63,1
9,2,63,1
10,3,63,2
11,1,63,1
12,2,63,2
13,3,63,2
14,1,63,1
15,2,63,2
16,2,63,1
17,2,63,2
18,3,63,2
19,1,63,1
20,3,63,2
21,1,63,1
22,3,63,2
23,2,63,2
24,1,63,1
25,3,63,2
26,1,63,1
27,3,63,2
28,1,63,1
29,2,63,2
30,1,63,1
31,3,63,2
32,2,63,2
33,2,63,2
34,1,63,1
35,2,63,2
36,1,63,1
37,2,63,2
38,2,63,2
39,1,63,1
40,3,63,2
41,1,63,1
42,2,63,1
43,3,63,2
44,3,63,2
45,3,63,2
46,1,63,1
47,3,63,2
48,3,63,2
49,1,63,1
50,3,63,2
51,1,63,1
52,2,63,2
53,1,63,1
54,3,63,2
55,3,63,2
56,2,63,2
57,2,63,2
58,2,63,1
59,3,63,2
60,2,63,2
1,3,64,2
2,1,64,1
3,2,64,2
4,3,64,2
5,1,64,1
6,1,64,1
7,1,64,1
8,2,64,1
9,2,64,1
10,3,64,2
11,1,64,1
12,2,64,2
13,3,64,2
14,1,64,1
15,2,64,2
16,2,64,2
17,2,64,1
18,3,64,2
19,1,64,1
20,3,64,2
21,1,64,1
22,3,64,2
23,2,64,1
24,1,64,1
25,3,64,2
26,1,64,1
27,3,64,2
28,1,64,1
29,2,64,2
30,1,64,1
31,3,64,2
32,2,64,2
33,2,64,2
34,1,64,1
35,2,64,2
36,1,64,1
37,2,64,1
38,2,64,2
39,1,64,1
40,3,64,2
41,1,64,1
42,2,64,1
43,3,64,2
44,3,64,2
45,3,64,2
46,1,64,1
47,3,64,2
48,3,64,2
49,1,64,1
50,3,64,2
51,1,64,1
52,2,64,2
53,1,64,1
54,3,64,2
55,3,64,2
56,2,64,2
57,2,64,2
58,2,64,2
59,3,64,2
60,2,64,1
1,3,65,2
2,1,65,1
3,2,65,2
4,3,65,2
5,1,65,1
6,1,65,1
7,1,65,1
8,2,65,1
9,2,65,1
10,3,65,2
11,1,65,1
12,2,65,2
13,3,65,2
14,1,65,1
15,2,65,2
16,2,65,1
17,2,65,2
18,3,65,2
19,1,65,1
20,3,65,2
21,1,65,1
22,3,65,2
23,2,65,2
24,1,65,1
25,3,65,2
26,1,65,1
27,3,65,[]
28,1,65,1
29,2,65,2
30,1,65,1
31,3,65,2
32,2,65,1
33,2,65,2
34,1,65,1
35,2,65,2
36,1,65,1
37,2,65,2
38,2,65,2
39,1,65,1
40,3,65,2
41,1,65,1
42,2,65,1
43,3,65,2
44,3,65,1
45,3,65,1
46,1,65,1
47,3,65,2
48,3,65,1
49,1,65,1
50,3,65,2
51,1,65,1
52,2,65,2
53,1,65,2
54,3,65,2
55,3,65,2
56,2,65,2
57,2,65,2
58,2,65,2
59,3,65,2
60,2,65,2
1,3,67,2
2,1,67,1
3,2,67,2
4,3,67,2
5,1,67,1
6,1,67,1
7,1,67,1
8,2,67,1
9,2,67,2
10,3,67,2
11,1,67,1
12,2,67,1
13,3,67,1
14,1,67,1
15,2,67,2
16,2,67,2
17,2,67,2
18,3,67,2
19,1,67,1
20,3,67,2
21,1,67,1
22,3,67,2
23,2,67,2
24,1,67,1
25,3,67,2
26,1,67,1
27,3,67,2
28,1,67,1
29,2,67,1
30,1,67,1
31,3,67,2
32,2,67,2
33,2,67,2
34,1,67,1
35,2,67,2
36,1,67,2
37,2,67,2
38,2,67,2
39,1,67,1
40,3,67,2
41,1,67,1
42,2,67,1
43,3,67,2
44,3,67,2
45,3,67,2
46,1,67,1
47,3,67,2
48,3,67,2
49,1,67,1
50,3,67,2
51,1,67,1
52,2,67,2
53,1,67,1
54,3,67,2
55,3,67,2
56,2,67,2
57,2,67,2
58,2,67,2
59,3,67,2
60,2,67,1
1,3,68,2
2,1,68,1
3,2,68,2
4,3,68,2
5,1,68,1
6,1,68,1
7,1,68,1
8,2,68,1
9,2,68,1
10,3,68,2
11,1,68,1
12,2,68,2
13,3,68,2
14,1,68,1
15,2,68,1
16,2,68,1
17,2,68,2
18,3,68,2
19,1,68,1
20,3,68,2
21,1,68,2
22,3,68,2
23,2,68,2
24,1,68,1
25,3,68,2
26,1,68,1
27,3,68,2
28,1,68,1
29,2,68,2
30,1,68,1
31,3,68,2
32,2,68,2
33,2,68,1
34,1,68,1
35,2,68,2
36,1,68,1
37,2,68,2
38,2,68,2
39,1,68,1
40,3,68,2
41,1,68,1
42,2,68,1
43,3,68,2
44,3,68,2
45,3,68,2
46,1,68,1
47,3,68,2
48,3,68,2
49,1,68,1
50,3,68,2
51,1,68,1
52,2,68,2
53,1,68,1
54,3,68,2
55,3,68,2
56,2,68,1
57,2,68,2
58,2,68,[]
59,3,68,2
60,2,68,2
1,3,69,2
2,1,69,1
3,2,69,2
4,3,69,2
5,1,69,1
6,1,69,1
7,1,69,1
8,2,69,1
9,2,69,1
10,3,69,2
11,1,69,1
12,2,69,2
13,3,69,2
14,1,69,1
15,2,69,2
16,2,69,1
17,2,69,2
18,3,69,2
19,1,69,1
20,3,69,2
21,1,69,1
22,3,69,2
23,2,69,2
24,1,69,1
25,3,69,2
26,1,69,1
27,3,69,2
28,1,69,1
29,2,69,2
30,1,69,1
31,3,69,2
32,2,69,2
33,2,69,2
34,1,69,1
35,2,69,2
36,1,69,1
37,2,69,2
38,2,69,2
39,1,69,1
40,3,69,2
41,1,69,1
42,2,69,1
43,3,69,2
44,3,69,2
45,3,69,2
46,1,69,1
47,3,69,2
48,3,69,2
49,1,69,1
50,3,69,2
51,1,69,1
52,2,69,2
53,1,69,1
54,3,69,2
55,3,69,2
56,2,69,2
57,2,69,2
58,2,69,2
59,3,69,2
60,2,69,1
1,3,70,2
2,1,70,1
3,2,70,2
4,3,70,2
5,1,70,1
6,1,70,2
7,1,70,2
8,2,70,2
9,2,70,2
10,3,70,2
11,1,70,1
12,2,70,2
13,3,70,2
14,1,70,1
15,2,70,2
16,2,70,2
17,2,70,2
18,3,70,2
19,1,70,1
20,3,70,2
21,1,70,1
22,3,70,2
23,2,70,2
24,1,70,1
25,3,70,2
26,1,70,1
27,3,70,2
28,1,70,1
29,2,70,2
30,1,70,[]
31,3,70,2
32,2,70,2
33,2,70,2
34,1,70,1
35,2,70,[]
36,1,70,1
37,2,70,2
38,2,70,2
39,1,70,1
40,3,70,2
41,1,70,1
42,2,70,2
43,3,70,2
44,3,70,2
45,3,70,2
46,1,70,1
47,3,70,2
48,3,70,2
49,1,70,1
50,3,70,2
51,1,70,1
52,2,70,2
53,1,70,2
54,3,70,2
55,3,70,2
56,2,70,2
57,2,70,2
58,2,70,2
59,3,70,2
60,2,70,2
1,3,71,2
2,1,71,[]
3,2,71,2
4,3,71,2
5,1,71,1
6,1,71,1
7,1,71,1
8,2,71,1
9,2,71,1
10,3,71,2
11,1,71,1
12,2,71,2
13,3,71,2
14,1,71,1
15,2,71,2
16,2,71,2
17,2,71,2
18,3,71,2
19,1,71,1
20,3,71,2
21,1,71,1
22,3,71,2
23,2,71,2
24,1,71,1
25,3,71,2
26,1,71,2
27,3,71,2
28,1,71,1
29,2,71,2
30,1,71,1
31,3,71,2
32,2,71,2
33,2,71,2
34,1,71,1
35,2,71,2
36,1,71,1
37,2,71,1
38,2,71,2
39,1,71,1
40,3,71,2
41,1,71,1
42,2,71,1
43,3,71,2
44,3,71,2
45,3,71,2
46,1,71,1
47,3,71,2
48,3,71,2
49,1,71,1
50,3,71,2
51,1,71,1
52,2,71,2
53,1,71,1
54,3,71,2
55,3,71,2
56,2,71,2
57,2,71,2
58,2,71,2
59,3,71,2
60,2,71,2
1,3,72,2
2,1,72,1
3,2,72,2
4,3,72,2
5,1,72,1
6,1,72,1
7,1,72,1
8,2,72,2
9,2,72,2
10,3,72,2
11,1,72,1
12,2,72,2
13,3,72,[]
14,1,72,1
15,2,72,2
16,2,72,2
17,2,72,1
18,3,72,2
19,1,72,1
20,3,72,2
21,1,72,1
22,3,72,2
23,2,72,2
24,1,72,1
25,3,72,2
26,1,72,2
27,3,72,2
28,1,72,1
29,2,72,1
30,1,72,1
31,3,72,2
32,2,72,2
33,2,72,2
34,1,72,1
35,2,72,2
36,1,72,1
37,2,72,2
38,2,72,2
39,1,72,1
40,3,72,2
41,1,72,1
42,2,72,1
43,3,72,2
44,3,72,2
45,3,72,2
46,1,72,1
47,3,72,2
48,3,72,2
49,1,72,1
50,3,72,2
51,1,72,1
52,2,72,2
53,1,72,1
54,3,72,2
55,3,72,2
56,2,72,2
57,2,72,2
58,2,72,2
59,3,72,2
60,2,72,2
1,3,73,2
2,1,73,1
3,2,73,2
4,3,73,2
5,1,73,1
6,1,73,1
7,1,73,1
8,2,73,1
9,2,73,1
10,3,73,2
11,1,73,1
12,2,73,2
13,3,73,2
14,1,73,1
15,2,73,1
16,2,73,2
17,2,73,2
18,3,73,2
19,1,73,1
20,3,73,2
21,1,73,1
22,3,73,2
23,2,73,1
24,1,73,1
25,3,73,2
26,1,73,1
27,3,73,2
28,1,73,1
29,2,73,2
30,1,73,1
31,3,73,2
32,2,73,1
33,2,73,1
34,1,73,1
35,2,73,2
36,1,73,1
37,2,73,2
38,2,73,2
39,1,73,1
40,3,73,2
41,1,73,1
42,2,73,1
43,3,73,2
44,3,73,2
45,3,73,2
46,1,73,1
47,3,73,2
48,3,73,2
49,1,73,1
50,3,73,2
51,1,73,1
52,2,73,1
53,1,73,1
54,3,73,2
55,3,73,2
56,2,73,1
57,2,73,2
58,2,73,2
59,3,73,2
60,2,73,2
1,3,74,2
2,1,74,2
3,2,74,2
4,3,74,2
5,1,74,1
6,1,74,1
7,1,74,1
8,2,74,1
9,2,74,2
10,3,74,2
11,1,74,1
12,2,74,1
13,3,74,1
14,1,74,1
15,2,74,2
16,2,74,1
17,2,74,2
18,3,74,2
19,1,74,1
20,3,74,2
21,1,74,1
22,3,74,2
23,2,74,1
24,1,74,1
25,3,74,2
26,1,74,1
27,3,74,2
28,1,74,1
29,2,74,[]
30,1,74,1
31,3,74,2
32,2,74,1
33,2,74,1
34,1,74,1
35,2,74,2
36,1,74,1
37,2,74,1
38,2,74,1
39,1,74,1
40,3,74,2
41,1,74,1
42,2,74,1
43,3,74,2
44,3,74,2
45,3,74,2
46,1,74,1
47,3,74,2
48,3,74,2
49,1,74,1
50,3,74,2
51,1,74,1
52,2,74,1
53,1,74,1
54,3,74,2
55,3,74,2
56,2,74,1
57,2,74,1
58,2,74,1
59,3,74,2
60,2,74,1
1,3,75,2
2,1,75,2
3,2,75,2
4,3,75,2
5,1,75,1
6,1,75,1
7,1,75,1
8,2,75,1
9,2,75,2
10,3,75,2
11,1,75,1
12,2,75,1
13,3,75,1
14,1,75,1
15,2,75,2
16,2,75,1
17,2,75,2
18,3,75,2
19,1,75,1
20,3,75,2
21,1,75,1
22,3,75,2
23,2,75,1
24,1,75,1
25,3,75,2
26,1,75,1
27,3,75,2
28,1,75,1
29,2,75,[]
30,1,75,1
31,3,75,2
32,2,75,1
33,2,75,1
34,1,75,1
35,2,75,2
36,1,75,1
37,2,75,1
38,2,75,1
39,1,75,1
40,3,75,2
41,1,75,1
42,2,75,1
43,3,75,2
44,3,75,2
45,3,75,2
46,1,75,1
47,3,75,2
48,3,75,2
49,1,75,1
50,3,75,2
51,1,75,1
52,2,75,1
53,1,75,1
54,3,75,2
55,3,75,2
56,2,75,1
57,2,75,1
58,2,75,1
59,3,75,2
60,2,75,1
1,3,76,1
2,1,76,1
3,2,76,1
4,3,76,1
5,1,76,1
6,1,76,1
7,1,76,1
8,2,76,1
9,2,76,1
10,3,76,2
11,1,76,1
12,2,76,2
13,3,76,2
14,1,76,1
15,2,76,1
16,2,76,1
17,2,76,1
18,3,76,2
19,1,76,1
20,3,76,2
21,1,76,1
22,3,76,2
23,2,76,1
24,1,76,1
25,3,76,2
26,1,76,1
27,3,76,1
28,1,76,1
29,2,76,1
30,1,76,1
31,3,76,2
32,2,76,1
33,2,76,1
34,1,76,1
35,2,76,1
36,1,76,1
37,2,76,1
38,2,76,1
39,1,76,1
40,3,76,2
41,1,76,1
42,2,76,1
43,3,76,1
44,3,76,2
45,3,76,2
46,1,76,1
47,3,76,2
48,3,76,2
49,1,76,1
50,3,76,2
51,1,76,1
52,2,76,1
53,1,76,1
54,3,76,2
55,3,76,2
56,2,76,1
57,2,76,1
58,2,76,1
59,3,76,2
60,2,76,1
1,3,77,2
2,1,77,1
3,2,77,2
4,3,77,2
5,1,77,1
6,1,77,1
7,1,77,1
8,2,77,1
9,2,77,1
10,3,77,2
11,1,77,1
12,2,77,2
13,3,77,2
14,1,77,1
15,2,77,2
16,2,77,2
17,2,77,2
18,3,77,2
19,1,77,1
20,3,77,2
21,1,77,1
22,3,77,2
23,2,77,2
24,1,77,1
25,3,77,2
26,1,77,1
27,3,77,2
28,1,77,1
29,2,77,2
30,1,77,1
31,3,77,2
32,2,77,2
33,2,77,2
34,1,77,1
35,2,77,2
36,1,77,1
37,2,77,2
38,2,77,2
39,1,77,1
40,3,77,2
41,1,77,1
42,2,77,1
43,3,77,2
44,3,77,2
45,3,77,2
46,1,77,1
47,3,77,2
48,3,77,2
49,1,77,1
50,3,77,2
51,1,77,1
52,2,77,2
53,1,77,1
54,3,77,2
55,3,77,2
56,2,77,2
57,2,77,2
58,2,77,2
59,3,77,2
60,2,77,2
1,3,78,2
2,1,78,1
3,2,78,2
4,3,78,2
5,1,78,1
6,1,78,1
7,1,78,[]
8,2,78,2
9,2,78,2
10,3,78,2
11,1,78,1
12,2,78,2
13,3,78,2
14,1,78,1
15,2,78,2
16,2,78,2
17,2,78,2
18,3,78,2
19,1,78,1
20,3,78,2
21,1,78,1
22,3,78,2
23,2,78,2
24,1,78,1
25,3,78,2
26,1,78,1
27,3,78,2
28,1,78,1
29,2,78,2
30,1,78,1
31,3,78,2
32,2,78,2
33,2,78,2
34,1,78,1
35,2,78,2
36,1,78,1
37,2,78,2
38,2,78,2
39,1,78,1
40,3,78,2
41,1,78,1
42,2,78,2
43,3,78,2
44,3,78,2
45,3,78,2
46,1,78,1
47,3,78,2
48,3,78,2
49,1,78,1
50,3,78,2
51,1,78,1
52,2,78,1
53,1,78,1
54,3,78,2
55,3,78,2
56,2,78,2
57,2,78,2
58,2,78,1
59,3,78,2
60,2,78,1
1,3,79,2
2,1,79,1
3,2,79,2
4,3,79,2
5,1,79,1
6,1,79,1
7,1,79,1
8,2,79,1
9,2,79,1
10,3,79,2
11,1,79,1
12,2,79,2
13,3,79,2
14,1,79,1
15,2,79,2
16,2,79,1
17,2,79,2
18,3,79,2
19,1,79,1
20,3,79,2
21,1,79,1
22,3,79,2
23,2,79,2
24,1,79,1
25,3,79,2
26,1,79,1
27,3,79,2
28,1,79,1
29,2,79,2
30,1,79,1
31,3,79,2
32,2,79,2
33,2,79,1
34,1,79,1
35,2,79,2
36,1,79,1
37,2,79,2
38,2,79,2
39,1,79,1
40,3,79,2
41,1,79,1
42,2,79,1
43,3,79,2
44,3,79,2
45,3,79,2
46,1,79,1
47,3,79,2
48,3,79,2
49,1,79,1
50,3,79,2
51,1,79,1
52,2,79,2
53,1,79,1
54,3,79,2
55,3,79,2
56,2,79,2
57,2,79,1
58,2,79,2
59,3,79,2
60,2,79,1
1,3,82,1
2,1,82,1
3,2,82,2
4,3,82,[]
5,1,82,1
6,1,82,1
7,1,82,1
8,2,82,1
9,2,82,1
10,3,82,2
11,1,82,1
12,2,82,2
13,3,82,2
14,1,82,1
15,2,82,1
16,2,82,1
17,2,82,2
18,3,82,2
19,1,82,1
20,3,82,2
21,1,82,1
22,3,82,1
23,2,82,1
24,1,82,1
25,3,82,2
26,1,82,1
27,3,82,2
28,1,82,1
29,2,82,2
30,1,82,1
31,3,82,2
32,2,82,2
33,2,82,1
34,1,82,1
35,2,82,1
36,1,82,1
37,2,82,2
38,2,82,2
39,1,82,1
40,3,82,2
41,1,82,1
42,2,82,1
43,3,82,2
44,3,82,2
45,3,82,2
46,1,82,1
47,3,82,2
48,3,82,2
49,1,82,1
50,3,82,2
51,1,82,1
52,2,82,2
53,1,82,1
54,3,82,2
55,3,82,2
56,2,82,2
57,2,82,1
58,2,82,1
59,3,82,2
60,2,82,2
1,3,83,2
2,1,83,1
3,2,83,2
4,3,83,2
5,1,83,1
6,1,83,1
7,1,83,1
8,2,83,1
9,2,83,1
10,3,83,2
11,1,83,1
12,2,83,2
13,3,83,2
14,1,83,1
15,2,83,[]
16,2,83,1
17,2,83,2
18,3,83,2
19,1,83,1
20,3,83,2
21,1,83,1
22,3,83,2
23,2,83,1
24,1,83,1
25,3,83,2
26,1,83,1
27,3,83,2
28,1,83,1
29,2,83,2
30,1,83,1
31,3,83,2
32,2,83,2
33,2,83,2
34,1,83,1
35,2,83,2
36,1,83,1
37,2,83,2
38,2,83,2
39,1,83,1
40,3,83,2
41,1,83,1
42,2,83,1
43,3,83,2
44,3,83,2
45,3,83,2
46,1,83,1
47,3,83,2
48,3,83,2
49,1,83,1
50,3,83,2
51,1,83,1
52,2,83,2
53,1,83,1
54,3,83,2
55,3,83,2
56,2,83,2
57,2,83,2
58,2,83,2
59,3,83,2
60,2,83,1
1,3,84,2
2,1,84,1
3,2,84,2
4,3,84,2
5,1,84,1
6,1,84,1
7,1,84,1
8,2,84,1
9,2,84,1
10,3,84,2
11,1,84,1
12,2,84,2
13,3,84,2
14,1,84,1
15,2,84,2
16,2,84,2
17,2,84,1
18,3,84,2
19,1,84,1
20,3,84,2
21,1,84,1
22,3,84,2
23,2,84,[]
24,1,84,1
25,3,84,2
26,1,84,1
27,3,84,2
28,1,84,1
29,2,84,1
30,1,84,1
31,3,84,2
32,2,84,2
33,2,84,2
34,1,84,1
35,2,84,2
36,1,84,1
37,2,84,2
38,2,84,2
39,1,84,1
40,3,84,2
41,1,84,1
42,2,84,1
43,3,84,2
44,3,84,2
45,3,84,2
46,1,84,1
47,3,84,2
48,3,84,2
49,1,84,1
50,3,84,2
51,1,84,1
52,2,84,2
53,1,84,1
54,3,84,2
55,3,84,2
56,2,84,2
57,2,84,2
58,2,84,2
59,3,84,2
60,2,84,2
1,3,86,2
2,1,86,1
3,2,86,2
4,3,86,2
5,1,86,1
6,1,86,1
7,1,86,1
8,2,86,1
9,2,86,1
10,3,86,2
11,1,86,1
12,2,86,2
13,3,86,2
14,1,86,1
15,2,86,2
16,2,86,2
17,2,86,2
18,3,86,2
19,1,86,1
20,3,86,2
21,1,86,1
22,3,86,2
23,2,86,2
24,1,86,1
25,3,86,2
26,1,86,1
27,3,86,2
28,1,86,1
29,2,86,2
30,1,86,1
31,3,86,2
32,2,86,1
33,2,86,1
34,1,86,1
35,2,86,2
36,1,86,1
37,2,86,2
38,2,86,2
39,1,86,1
40,3,86,2
41,1,86,1
42,2,86,1
43,3,86,2
44,3,86,2
45,3,86,2
46,1,86,1
47,3,86,2
48,3,86,2
49,1,86,1
50,3,86,2
51,1,86,1
52,2,86,2
53,1,86,1
54,3,86,2
55,3,86,2
56,2,86,2
57,2,86,1
58,2,86,2
59,3,86,2
60,2,86,2
1,3,89,2
2,1,89,1
3,2,89,2
4,3,89,2
5,1,89,1
6,1,89,1
7,1,89,1
8,2,89,1
9,2,89,1
10,3,89,2
11,1,89,1
12,2,89,2
13,3,89,2
14,1,89,1
15,2,89,2
16,2,89,1
17,2,89,2
18,3,89,2
19,1,89,1
20,3,89,2
21,1,89,1
22,3,89,2
23,2,89,1
24,1,89,1
25,3,89,2
26,1,89,1
27,3,89,2
28,1,89,1
29,2,89,2
30,1,89,1
31,3,89,2
32,2,89,2
33,2,89,2
34,1,89,1
35,2,89,1
36,1,89,1
37,2,89,2
38,2,89,2
39,1,89,1
40,3,89,2
41,1,89,1
42,2,89,1
43,3,89,2
44,3,89,2
45,3,89,2
46,1,89,1
47,3,89,2
48,3,89,2
49,1,89,1
50,3,89,2
51,1,89,1
52,2,89,2
53,1,89,1
54,3,89,2
55,3,89,2
56,2,89,1
57,2,89,2
58,2,89,2
59,3,89,2
60,2,89,1
1,3,90,2
2,1,90,1
3,2,90,2
4,3,90,2
5,1,90,1
6,1,90,1
7,1,90,1
8,2,90,1
9,2,90,1
10,3,90,2
11,1,90,1
12,2,90,2
13,3,90,2
14,1,90,1
15,2,90,2
16,2,90,2
17,2,90,2
18,3,90,2
19,1,90,1
20,3,90,2
21,1,90,1
22,3,90,2
23,2,90,2
24,1,90,1
25,3,90,2
26,1,90,1
27,3,90,2
28,1,90,1
29,2,90,2
30,1,90,2
31,3,90,2
32,2,90,2
33,2,90,2
34,1,90,1
35,2,90,2
36,1,90,1
37,2,90,2
38,2,90,2
39,1,90,1
40,3,90,2
41,1,90,1
42,2,90,1
43,3,90,2
44,3,90,2
45,3,90,2
46,1,90,1
47,3,90,2
48,3,90,2
49,1,90,1
50,3,90,2
51,1,90,1
52,2,90,2
53,1,90,1
54,3,90,2
55,3,90,2
56,2,90,2
57,2,90,2
58,2,90,1
59,3,90,2
60,2,90,2
1,3,91,2
2,1,91,1
3,2,91,[]
4,3,91,2
5,1,91,1
6,1,91,1
7,1,91,1
8,2,91,1
9,2,91,1
10,3,91,2
11,1,91,1
12,2,91,2
13,3,91,2
14,1,91,1
15,2,91,2
16,2,91,2
17,2,91,2
18,3,91,2
19,1,91,1
20,3,91,2
21,1,91,1
22,3,91,2
23,2,91,1
24,1,91,1
25,3,91,2
26,1,91,1
27,3,91,2
28,1,91,1
29,2,91,2
30,1,91,1
31,3,91,2
32,2,91,2
33,2,91,1
34,1,91,1
35,2,91,2
36,1,91,1
37,2,91,2
38,2,91,2
39,1,91,1
40,3,91,2
41,1,91,1
42,2,91,1
43,3,91,2
44,3,91,2
45,3,91,2
46,1,91,1
47,3,91,2
48,3,91,2
49,1,91,1
50,3,91,2
51,1,91,1
52,2,91,2
53,1,91,1
54,3,91,2
55,3,91,2
56,2,91,2
57,2,91,2
58,2,91,2
59,3,91,2
60,2,91,2
1,3,92,2
2,1,92,1
3,2,92,2
4,3,92,2
5,1,92,1
6,1,92,1
7,1,92,1
8,2,92,1
9,2,92,1
10,3,92,2
11,1,92,1
12,2,92,1
13,3,92,2
14,1,92,1
15,2,92,1
16,2,92,1
17,2,92,2
18,3,92,2
19,1,92,1
20,3,92,2
21,1,92,1
22,3,92,2
23,2,92,1
24,1,92,1
25,3,92,2
26,1,92,1
27,3,92,2
28,1,92,1
29,2,92,1
30,1,92,1
31,3,92,2
32,2,92,1
33,2,92,1
34,1,92,1
35,2,92,1
36,1,92,1
37,2,92,1
38,2,92,2
39,1,92,1
40,3,92,2
41,1,92,1
42,2,92,1
43,3,92,2
44,3,92,2
45,3,92,2
46,1,92,1
47,3,92,2
48,3,92,2
49,1,92,1
50,3,92,2
51,1,92,1
52,2,92,2
53,1,92,1
54,3,92,2
55,3,92,2
56,2,92,[]
57,2,92,2
58,2,92,1
59,3,92,2
60,2,92,1
1,3,93,2
2,1,93,1
3,2,93,2
4,3,93,2
5,1,93,1
6,1,93,1
7,1,93,1
8,2,93,1
9,2,93,1
10,3,93,2
11,1,93,1
12,2,93,2
13,3,93,2
14,1,93,1
15,2,93,2
16,2,93,2
17,2,93,2
18,3,93,2
19,1,93,1
20,3,93,2
21,1,93,1
22,3,93,2
23,2,93,1
24,1,93,1
25,3,93,2
26,1,93,1
27,3,93,2
28,1,93,1
29,2,93,2
30,1,93,1
31,3,93,2
32,2,93,2
33,2,93,2
34,1,93,1
35,2,93,2
36,1,93,1
37,2,93,2
38,2,93,2
39,1,93,1
40,3,93,2
41,1,93,1
42,2,93,1
43,3,93,2
44,3,93,2
45,3,93,2
46,1,93,1
47,3,93,2
48,3,93,2
49,1,93,1
50,3,93,2
51,1,93,1
52,2,93,2
53,1,93,1
54,3,93,2
55,3,93,2
56,2,93,2
57,2,93,2
58,2,93,2
59,3,93,2
60,2,93,2
1,3,94,2
2,1,94,1
3,2,94,2
4,3,94,2
5,1,94,1
6,1,94,2
7,1,94,2
8,2,94,1
9,2,94,1
10,3,94,2
11,1,94,1
12,2,94,2
13,3,94,2
14,1,94,1
15,2,94,2
16,2,94,2
17,2,94,2
18,3,94,2
19,1,94,1
20,3,94,2
21,1,94,1
22,3,94,2
23,2,94,2
24,1,94,1
25,3,94,2
26,1,94,1
27,3,94,2
28,1,94,1
29,2,94,2
30,1,94,2
31,3,94,2
32,2,94,2
33,2,94,2
34,1,94,1
35,2,94,2
36,1,94,1
37,2,94,2
38,2,94,2
39,1,94,1
40,3,94,2
41,1,94,2
42,2,94,2
43,3,94,2
44,3,94,2
45,3,94,2
46,1,94,2
47,3,94,2
48,3,94,2
49,1,94,1
50,3,94,2
51,1,94,1
52,2,94,2
53,1,94,2
54,3,94,2
55,3,94,2
56,2,94,2
57,2,94,2
58,2,94,2
59,3,94,2
60,2,94,2
1,3,95,2
2,1,95,1
3,2,95,2
4,3,95,2
5,1,95,1
6,1,95,1
7,1,95,1
8,2,95,1
9,2,95,1
10,3,95,2
11,1,95,1
12,2,95,2
13,3,95,2
14,1,95,1
15,2,95,2
16,2,95,1
17,2,95,1
18,3,95,2
19,1,95,1
20,3,95,2
21,1,95,1
22,3,95,2
23,2,95,1
24,1,95,1
25,3,95,2
26,1,95,1
27,3,95,2
28,1,95,1
29,2,95,2
30,1,95,1
31,3,95,2
32,2,95,2
33,2,95,1
34,1,95,1
35,2,95,2
36,1,95,1
37,2,95,2
38,2,95,2
39,1,95,1
40,3,95,2
41,1,95,1
42,2,95,1
43,3,95,2
44,3,95,2
45,3,95,2
46,1,95,1
47,3,95,2
48,3,95,2
49,1,95,1
50,3,95,2
51,1,95,1
52,2,95,2
53,1,95,1
54,3,95,2
55,3,95,2
56,2,95,2
57,2,95,1
58,2,95,2
59,3,95,2
60,2,95,2
1,3,96,2
2,1,96,2
3,2,96,2
4,3,96,2
5,1,96,2
6,1,96,2
7,1,96,2
8,2,96,2
9,2,96,2
10,3,96,2
11,1,96,2
12,2,96,2
13,3,96,2
14,1,96,1
15,2,96,2
16,2,96,2
17,2,96,2
18,3,96,2
19,1,96,1
20,3,96,2
21,1,96,2
22,3,96,2
23,2,96,2
24,1,96,1
25,3,96,2
26,1,96,1
27,3,96,2
28,1,96,1
29,2,96,2
30,1,96,2
31,3,96,2
32,2,96,2
33,2,96,2
34,1,96,1
35,2,96,2
36,1,96,2
37,2,96,2
38,2,96,2
39,1,96,1
40,3,96,2
41,1,96,2
42,2,96,2
43,3,96,2
44,3,96,2
45,3,96,2
46,1,96,2
47,3,96,2
48,3,96,2
49,1,96,2
50,3,96,2
51,1,96,1
52,2,96,2
53,1,96,2
54,3,96,2
55,3,96,2
56,2,96,2
57,2,96,2
58,2,96,2
59,3,96,2
60,2,96,2
1,3,97,2
2,1,97,2
3,2,97,2
4,3,97,2
5,1,97,1
6,1,97,[]
7,1,97,2
8,2,97,2
9,2,97,2
10,3,97,2
11,1,97,1
12,2,97,2
13,3,97,2
14,1,97,1
15,2,97,2
16,2,97,2
17,2,97,2
18,3,97,1
19,1,97,1
20,3,97,2
21,1,97,2
22,3,97,2
23,2,97,2
24,1,97,1
25,3,97,2
26,1,97,1
27,3,97,2
28,1,97,1
29,2,97,2
30,1,97,2
31,3,97,2
32,2,97,2
33,2,97,2
34,1,97,1
35,2,97,2
36,1,97,1
37,2,97,2
38,2,97,2
39,1,97,1
40,3,97,2
41,1,97,[]
42,2,97,2
43,3,97,2
44,3,97,2
45,3,97,2
46,1,97,1
47,3,97,2
48,3,97,2
49,1,97,1
50,3,97,2
51,1,97,1
52,2,97,2
53,1,97,2
54,3,97,2
55,3,97,2
56,2,97,2
57,2,97,2
58,2,97,2
59,3,97,2
60,2,97,2
1,3,98,2
2,1,98,1
3,2,98,2
4,3,98,2
5,1,98,1
6,1,98,2
7,1,98,1
8,2,98,1
9,2,98,2
10,3,98,2
11,1,98,1
12,2,98,2
13,3,98,[]
14,1,98,1
15,2,98,2
16,2,98,2
17,2,98,2
18,3,98,2
19,1,98,1
20,3,98,2
21,1,98,1
22,3,98,2
23,2,98,2
24,1,98,1
25,3,98,2
26,1,98,1
27,3,98,2
28,1,98,1
29,2,98,2
30,1,98,[]
31,3,98,1
32,2,98,2
33,2,98,2
34,1,98,1
35,2,98,2
36,1,98,1
37,2,98,2
38,2,98,2
39,1,98,1
40,3,98,2
41,1,98,1
42,2,98,2
43,3,98,2
44,3,98,2
45,3,98,2
46,1,98,1
47,3,98,2
48,3,98,2
49,1,98,1
50,3,98,2
51,1,98,1
52,2,98,2
53,1,98,1
54,3,98,2
55,3,98,2
56,2,98,2
57,2,98,2
58,2,98,2
59,3,98,2
60,2,98,2
1,3,103,2
2,1,103,1
3,2,103,2
4,3,103,2
5,1,103,1
6,1,103,1
7,1,103,1
8,2,103,1
9,2,103,2
10,3,103,2
11,1,103,1
12,2,103,2
13,3,103,2
14,1,103,1
15,2,103,2
16,2,103,2
17,2,103,2
18,3,103,2
19,1,103,1
20,3,103,2
21,1,103,1
22,3,103,2
23,2,103,2
24,1,103,1
25,3,103,2
26,1,103,1
27,3,103,2
28,1,103,1
29,2,103,2
30,1,103,1
31,3,103,2
32,2,103,2
33,2,103,2
34,1,103,1
35,2,103,1
36,1,103,1
37,2,103,2
38,2,103,2
39,1,103,1
40,3,103,2
41,1,103,1
42,2,103,1
43,3,103,2
44,3,103,2
45,3,103,2
46,1,103,1
47,3,103,2
48,3,103,2
49,1,103,1
50,3,103,2
51,1,103,1
52,2,103,2
53,1,103,1
54,3,103,2
55,3,103,2
56,2,103,2
57,2,103,2
58,2,103,2
59,3,103,2
60,2,103,2
1,3,104,2
2,1,104,1
3,2,104,2
4,3,104,2
5,1,104,1
6,1,104,1
7,1,104,1
8,2,104,1
9,2,104,1
10,3,104,2
11,1,104,1
12,2,104,2
13,3,104,2
14,1,104,1
15,2,104,2
16,2,104,2
17,2,104,2
18,3,104,2
19,1,104,1
20,3,104,2
21,1,104,1
22,3,104,2
23,2,104,2
24,1,104,1
25,3,104,2
26,1,104,1
27,3,104,2
28,1,104,1
29,2,104,2
30,1,104,1
31,3,104,2
32,2,104,2
33,2,104,2
34,1,104,1
35,2,104,2
36,1,104,1
37,2,104,2
38,2,104,2
39,1,104,1
40,3,104,2
41,1,104,1
42,2,104,1
43,3,104,2
44,3,104,2
45,3,104,2
46,1,104,1
47,3,104,2
48,3,104,2
49,1,104,1
50,3,104,2
51,1,104,1
52,2,104,2
53,1,104,1
54,3,104,2
55,3,104,2
56,2,104,2
57,2,104,2
58,2,104,2
59,3,104,2
60,2,104,2
1,3,107,2
2,1,107,1
3,2,107,1
4,3,107,1
5,1,107,1
6,1,107,1
7,1,107,1
8,2,107,1
9,2,107,1
10,3,107,1
11,1,107,1
12,2,107,2
13,3,107,1
14,1,107,1
15,2,107,2
16,2,107,2
17,2,107,2
18,3,107,2
19,1,107,1
20,3,107,2
21,1,107,1
22,3,107,2
23,2,107,1
24,1,107,1
25,3,107,2
26,1,107,1
27,3,107,1
28,1,107,1
29,2,107,1
30,1,107,1
31,3,107,2
32,2,107,2
33,2,107,2
34,1,107,1
35,2,107,2
36,1,107,1
37,2,107,2
38,2,107,2
39,1,107,1
40,3,107,2
41,1,107,1
42,2,107,2
43,3,107,2
44,3,107,1
45,3,107,2
46,1,107,1
47,3,107,1
48,3,107,1
49,1,107,1
50,3,107,1
51,1,107,1
52,2,107,2
53,1,107,1
54,3,107,1
55,3,107,2
56,2,107,2
57,2,107,2
58,2,107,1
59,3,107,1
60,2,107,2
1,3,108,2
2,1,108,1
3,2,108,2
4,3,108,2
5,1,108,1
6,1,108,1
7,1,108,2
8,2,108,2
9,2,108,2
10,3,108,2
11,1,108,1
12,2,108,2
13,3,108,2
14,1,108,1
15,2,108,2
16,2,108,2
17,2,108,2
18,3,108,2
19,1,108,1
20,3,108,2
21,1,108,1
22,3,108,2
23,2,108,2
24,1,108,1
25,3,108,2
26,1,108,1
27,3,108,2
28,1,108,1
29,2,108,2
30,1,108,2
31,3,108,2
32,2,108,2
33,2,108,2
34,1,108,1
35,2,108,2
36,1,108,1
37,2,108,2
38,2,108,2
39,1,108,1
40,3,108,2
41,1,108,1
42,2,108,2
43,3,108,2
44,3,108,2
45,3,108,2
46,1,108,2
47,3,108,2
48,3,108,2
49,1,108,1
50,3,108,2
51,1,108,1
52,2,108,2
53,1,108,2
54,3,108,2
55,3,108,2
56,2,108,2
57,2,108,2
58,2,108,2
59,3,108,2
60,2,108,2
1,3,110,2
2,1,110,1
3,2,110,2
4,3,110,2
5,1,110,1
6,1,110,1
7,1,110,1
8,2,110,1
9,2,110,1
10,3,110,2
11,1,110,1
12,2,110,2
13,3,110,2
14,1,110,1
15,2,110,2
16,2,110,2
17,2,110,1
18,3,110,2
19,1,110,1
20,3,110,2
21,1,110,1
22,3,110,2
23,2,110,2
24,1,110,1
25,3,110,2
26,1,110,1
27,3,110,2
28,1,110,1
29,2,110,2
30,1,110,1
31,3,110,2
32,2,110,2
33,2,110,2
34,1,110,1
35,2,110,2
36,1,110,1
37,2,110,2
38,2,110,2
39,1,110,1
40,3,110,2
41,1,110,1
42,2,110,1
43,3,110,2
44,3,110,2
45,3,110,2
46,1,110,1
47,3,110,2
48,3,110,2
49,1,110,1
50,3,110,2
51,1,110,1
52,2,110,2
53,1,110,1
54,3,110,2
55,3,110,2
56,2,110,2
57,2,110,2
58,2,110,2
59,3,110,2
60,2,110,2
1,3,111,2
2,1,111,2
3,2,111,2
4,3,111,2
5,1,111,1
6,1,111,1
7,1,111,1
8,2,111,2
9,2,111,2
10,3,111,2
11,1,111,1
12,2,111,2
13,3,111,2
14,1,111,1
15,2,111,2
16,2,111,2
17,2,111,2
18,3,111,2
19,1,111,1
20,3,111,2
21,1,111,1
22,3,111,2
23,2,111,2
24,1,111,1
25,3,111,2
26,1,111,1
27,3,111,2
28,1,111,1
29,2,111,2
30,1,111,2
31,3,111,2
32,2,111,2
33,2,111,1
34,1,111,1
35,2,111,2
36,1,111,1
37,2,111,2
38,2,111,2
39,1,111,1
40,3,111,2
41,1,111,2
42,2,111,2
43,3,111,2
44,3,111,2
45,3,111,2
46,1,111,2
47,3,111,2
48,3,111,2
49,1,111,2
50,3,111,2
51,1,111,1
52,2,111,2
53,1,111,2
54,3,111,2
55,3,111,2
56,2,111,2
57,2,111,2
58,2,111,2
59,3,111,2
60,2,111,1
1,3,112,2
2,1,112,1
3,2,112,2
4,3,112,2
5,1,112,1
6,1,112,1
7,1,112,2
8,2,112,1
9,2,112,1
10,3,112,2
11,1,112,1
12,2,112,2
13,3,112,2
14,1,112,1
15,2,112,2
16,2,112,2
17,2,112,2
18,3,112,2
19,1,112,1
20,3,112,2
21,1,112,1
22,3,112,2
23,2,112,2
24,1,112,1
25,3,112,2
26,1,112,1
27,3,112,2
28,1,112,1
29,2,112,2
30,1,112,2
31,3,112,2
32,2,112,2
33,2,112,2
34,1,112,1
35,2,112,2
36,1,112,1
37,2,112,2
38,2,112,2
39,1,112,1
40,3,112,2
41,1,112,1
42,2,112,1
43,3,112,2
44,3,112,2
45,3,112,2
46,1,112,1
47,3,112,2
48,3,112,2
49,1,112,1
50,3,112,2
51,1,112,1
52,2,112,2
53,1,112,2
54,3,112,2
55,3,112,2
56,2,112,2
57,2,112,2
58,2,112,2
59,3,112,2
60,2,112,2
